topostext_id,trismegistos_id
380237SAca,364
419125LPal,42746
419125LEsq,7223
419125SCap,42807
419125PRom,2058
352248LIda,33311
380236ASSB,37803
130350REth,51
271307REgy,49
446109UMut,5846
411291WBos,61002
435167RDal,11624
328219PCyr,1201
432030UNar,20422
418123UOst,2988
455049UVie,11826
406163RIta,932
435335WPon,41598
407145PPom,2788
430105RTyr,13603
427121UVol,30863
419125SJuM,2058
413133UTar,32551
419125SFer,2058
404160RLeu,5504
409153UCom,14459
426124UAme,11849
428124UTud,14363
403266UAig,58773
410265RThr,2414
402264PAby,32854
402233UPot,12097
382162PLoc,33081
364282IRho,2057
371153PSyr,2210
394230LPel,38160
441073LAlp,42777
365-063PGad,13580
475310RSky,7209
400516WHyr,42258
460370WMai,12371
350000RMau,3104
369103PCar,484
280400RAra,281
195372RTro,2481
312299PAle,100
169337UMer,3460
362440UArb,13697
376145RSic,2132
411146RCam,481
397443RArm,42675
380227PSik,2135
378214PEli,37866
436135PAnc,3362
241329USye,2207
300740RInd,903
239355UBer,416
191373UPto,3190
195390WEry,3632
312301WNil,3943
530-15IBri,3232
000000UThu,19731
371224PSpa,2181
370223LTay,-
425136LApe,42942
408142PNea,2676
432121WTra,45433
383213IEch,-
383211WAch,40839
312299IPha,1752
412131LKir,41840
392210PAmb,2778
379236HPei,3182
379273PEph,648
379274SEph,51942
298313PMem,1344
400262UIli,3681
376275WMae,11989
374253PDel,542
364258PAna,33235
367244PMel,15751
399253ILem,1231
402264WHel,3621
405276IHal,56105
381270PLeb,3631
382268PTeo,2314
372248RKyk,11320
364255PThe,2387
365253IThe,33236
363253IHie,-
385150IAio,22266
352252IKre,527
408139IPit,23501
350330RCyp,528
355390RSyr,2211
385239IEub,672
384233RBoi,446
388233IAta,37857
405285IBes,56104
405295RBit,440
393260PAnt,58780
392261ILes,1242
370274PHal,732
371272UMyn,1401
375273PMil,1375
376274IHyb,60942
397227RMag,3576
376232PEpi,650
403195UOri,15816
388210RAka,37
390210WAmb,-
382219RAch,38
382226WCor,41974
408280WPro,47799
387207PLeu,1246
383218LAnt,-
370287RKar,483
386275LSip,60948
329357UGam,58995
335354RPho,1789
381222PBou,-
376243IKeo,1032
381150PTyn,22350
380235PEle,10345
411139USin,32437
408141PDik,3189
379291PHie,12396
385225SDel,543
419127UGab,32471
424129URea,10929
425123WVad,61100
385280RLyd,1269
418196HNym,61122
347326PPal,1565
348326SAPa,1565
397263UNea,34749
399263RTro,2478
378284UHar,58962
395263UAss,3513
254683WInd,15640
391171PCro,33075
365295RLyc,1268
415156UArg,14256
420124UVei,14349
418127UTus,32566
420126UCru,14042
371101UUti,7796
314186WSyr,41754
379153PTau,22322
374-60WBae,43648
374000UHis,26250
382156PMes,3578
382152PMyl,61073
420135WFuc,43657
45891UCom,30807
452091WTic,42407
437046WRho,13625
465066WLem,42377
361360WOro,47885
371153WAre,61069
376215WAlp,13584
376216SOly,1495
375222RPel,1659
379291WLyc,42837
377227WEra,-
374229RArg,300
346437WTig,13138
380237PAth,364
379237DPha,1731
458134UAqu,3327
315355WAsp,17357
316353UIud,936
404176UMan,14273
425127WVel,-
430135RPic,14405
431423RCol,33638
406144USur,14448
408141PBai,32453
412138WLir,46798
362304IChe,60878
349359PAra,4878
437104UPis,11855
429110UVet,14355
415138UCas,14453
379225PSty,37706
375223RArk,286
395208SDod,15781
405195RIll,900
292255SAmm,149
450120WEri,42384
398261ITen,7518
423124UFal,14348
385233WMel,-
388228WKep,-
399227WPen,15639
400262WSka,15646
406179PBru,11496
410214RLyn,33751
410300RPap,1599
412141UCal,480
378248PAnd,176
380222WSty,-
380222PNon,43879
381272PCol,1142
377150LAit,58756
375385USam,11871
380387RCom,5304
325444UBab,390
370585RPar,6322
364305LChi,60880
365306PPha,1753
340670RBac,3554
355480RMed,1325
295540RPer,1704
322482PSus,3634
374221PMeg,1327
407195PApo,3603
384150IHie,42515
385150PLip,22311
417127UAri,32278
409174UEgn,14267
390172SLac,41128
361000LPHe,61134
370000LSPr,61164
38898WGan,3913
366362UMyr,53347
367359WIss,61061
363293UPat,1625
365264PAst,358
364225STai,11829
370225RLak,1213
378124ULil,22315
392091UKar,3239
402920ISar,3310
353403WEup,11934
387355UMaz,11904
388350RCap,482
381253WAeg,33222
379230LIst,3610
382217PPat,1631
396199PKer,1083
404194LKer,61118
451069USci,-
426007LPyr,19709
426030UIll,21347
367274PKni,1121
369273PKos,2796
377269PSam,2081
384261PChi,512
391265PMyt,1409
400262USig,34751
420334UKar,42076
473393WTan,11899
383000UMel,26035
392165RBre,33154
372-56RBae,25443
390-83RLus,5531
372-74WAna,61149
379000UCor,19895
375000UAst,26218
364000UOno,25993
362-59UBae,26007
361000UBae,26005
362000UCar,26002
373000PTar,47802
365000USal,61144
367000UMal,26184
367-41UMai,61150
367000USex,10608
368000UAbd,25860
411013UTar,3371
376-09PCar,19857
373000UIlu,26095
384-65USeg,26331
376000UUli,26045
371000UAbo,26567
368000UAip,61139
372000UIli,14135
374000UIli,26125
387-55UArt,26436
370000USin,26611
378000UAte,26029
380000UIli,26158
380-40UIst,26135
379-42UObu,26159
380000USac,26010
378000UCar,26013
375-60UIli,26195
374000UIta,26248
371000ULuc,26234
369-61UNeb,26227
368-62UHas,25992
377-39UTuc,26157
378000UIpt,26017
377000UUcu,26032
372000UUrs,26236
374000UMun,42870
373000UOst,26220
370000UCal,26584
372000UCal,61140
383000USer,26294
415000UNer,26672
383000UCon,26298
490070RKel,693
368000UAci,26423
367000UAru,26187
388000UMir,26279
386000USis,26259
367000UTur,25983
370000UUrg,33163
364000ULac,26180
368000USau,61146
380000UCas,26610
425029ATrP,21297
416000UCAu,3370
418000UCol,19884
425000UAst,26831
430000ULuc,19898
390-89WTag,43421
366022UIol,3116
382000UIli,27403
384000ULuc,27400
388001UDia,27402
392-03USuc,33172
403-29RCel,19948
395000UVal,27502
397-03USag,14134
407006WEbr,42935
430000UIul,26741
425000UVar,27811
390000RIbe,855
414018USub,27268
415020URub,39446
414022UCol,26261
415022UBae,27214
415024UIlu,27238
417027UBla,39403
421031PEmp,27282
425031SAph,21269
373000UAcc,26586
389000ULib,27069
379000USal,26624
417129RLat,11888
399000USeg,27131
399000UTol,14130
424000UTri,40962
425000UVir,26778
416000USe2,26979
416000UUxa,26970
410-41USeg,26953
413000UTer,26982
437072WVar,40440
463059LJur,52192
427029URus,20656
433035UAga,20660
423032PRho,38497
458048WAra,42353
450049WIsa,61156
437053WDru,43470
433054PMas,1318
432056HKit,61155
434067UFIo,20682
436072UAnt,20694
437046UAre,3339
436039USex,-
433032UBae,20802
441048UCol,19888
449049UCol,21444
435054UCol,20500
439048UAve,20832
439054UApt,20746
438061URei,21203
442060UAlH,20654
438050UCab,21211
432024UCar,21224
434034UCes,21891
441050UCar,21042
434063UFVo,21505
438048UGla,21401
438044UNem,19905
450010RAqu,19952
442051UVas,20928
419125WTib,43199
380156ULeu,33080
457073UAug,3304
411143PCap,3311
381156PRhe,2048
421170WAdr,42519
419121UAls,32028
450139RHis,30902
440154RLib,40447
395205REpe,655
420090IKyr,22055
431162IIss,29472
437073UNik,22361
437073UCem,19941
43876UAlb,3705
440082UAlI,31683
44489UGen,14373
441094WMac,42422
443083RLig,33157
44789ULib,31823
449089UDer,31749
45185UVar,31882
452080UInd,31487
447079UPol,19887
45078UCar,31742
44679UAug,31715
44780UAlb,31665
44982UHas,31783
44785UAqu,31700
441100ULun,31016
438105ULuc,3307
437104WArn,46404
434109UVol,14357
430105UPop,14356
426112STal,32041
424113UCos,32049
422117UGra,32081
420118UCNo,32045
410120UPyr,38449
420121UAgy,14350
419122UFre,40774
421126ULFe,32097
428112URus,14354
422122USut,11857
438113UFae,14361
417133UFer,32459
431124UPer,11854
437124UTif,32253
424125UOcr,32219
419125WAni,50225
417123ULau,23504
416125UArd,23507
415126UAnt,32374
414128UAst,32331
413133SJAn,32551
412135UCai,10415
413136UFor,32462
412138UMin,14433
415131USet,32346
410139WVol,45003
409140ULit,32481
408141PCum,14437
408141HMis,3152
408141UBau,32281
408141WLuc,32454
408141WAve,42488
408143UHer,3365
408144LVes,42866
407145WSar,46795
407147UNuc,14513
406143SMin,32547
415137UAqu,14454
412139USue,32538
415140UVen,14464
417136USor,11856
412141UTea,14439
413140RSid,51901
409145UNol,14341
410146UAbe,11847
417127UAlb,26627
418126UBov,10316
410144UCal,14343
418127LAlb,32486
415130UFAp,32464
419125SFRo,42900
419125FCPr,46813
415128USat,14345
416128UPom,32473
418132USca,52751
418124UPol,32512
419128UTel,32298
419126UCae,42839
418123UFic,32277
420127UMed,43382
420127UCor,61105
427115UAur,32118
419125LJan,42814
419125UAnt,32373
419127UCol,32279
416130UNor,32501
420139USul,14425
407145USta,14340
411142UCas,32416
405150WSil,45345
405150SHer,61087
407148USal,14450
404150PPos,14483
402152PEle,2495
401155UPyx,14484
398158ULao,14487
399158UBla,14485
387161HVib,33100
390162UTem,11853
389162UTer,38437
393163UCon,14505
387161PHip,33100
384159UMet,61084
385160UEmp,50355
383157LSky,61083
382156LCae,-
383157LPel,58751
380161LZep,61086
384241UPor,-
409115WTyr,43250
397032IGym,42749
389014IPit,61138
387014UCol,27682
396026UPal,27686
398031UPol,26335
401041USan,61145
430098ICap,61097
432054ISto,61154
435070ILer,42349
435070IPla,42348
425950UMar,22068
421095PAla,14385
423111IDia,47102
428103IAit,45368
426100IPla,61096
409130IPon,38447
408134IPan,43877
407140IPro,-
406143ICap,32415
410082LGor,61090
391084USul,22208
408084UPLi,22086
382156WCha,12628
367151LPac,46400
371110LHer,17688
408187WIon,33370
380125UDre,22351
378153UNax,38475
375151PCat,22289
374150WSym,42518
373150PLeo,5452
372152PMeg,22241
369144PCam,22111
373136PAkr,22270
380137UThe,22348
376128PSel,22286
380126UEry,22300
381134UPan,22276
381135USol,22346
380138PHim,33123
380140PCep,22290
381147PHal,22342
382147UAga,40470
376139PMyt,22324
360143IGau,22304
359144IMel,1339
368119IKos,22244
355126ILop,61078
379123IAig,42873
388152IStr,42514
386148IDid,42510
384166PKau,38435
388166UScy,33090
397164PTho,14503
397165WCra,42508
397165PSyb,33076
401165USir,7089
404168PMet,14498
406176RCal,11784
410163RApu,12219
405172PTar,2267
405188RMes,51903
409167RPeu,56864
405176UHyr,14280
401180UKal,45240
398183LIap,42517
401185UHyd,14269
402182USol,14291
404182ULup,14271
406175UCae,14260
413194PEpi,606
403181URud,14284
411169UBar,32988
400182RIap,870
412160WAuf,42489
412161UCan,4401
414160UElp,33036
416159USip,32537
418161UGar,43365
418152UTea,14481
418149ULar,14479
415153ULuc,14272
410158UVen,11901
411148PBen,3305
421147UHis,-
424144UOrt,40806
415145UBov,14466
424124WNar,-
419131USub,41110
426140UHat,14591
427137UInt,14410
429139UCTr,30634
430139UCup,32630
429136UAsc,14408
434137UPot,32688
435136UNum,32679
432134UUrb,14406
441126UAri,14365
435132UAes,32167
437132USen,32242
438130UFFo,32203
439129UPis,14364
430127UHis,14396
425125UNeq,32217
426126UInt,14401
442124WRub,42456
444122PRav,3192
445113UBon,14370
449105UBri,11851
448103UPar,14589
450097UPla,3350
441122UCae,31928
444115UCla,31932
442120UFLi,31940
444117UFCo,23512
450096WTre,43595
507071WRhi,35083
455124UAlt,8430
447121USpi,14371
450121UAdr,12222
451070USeg,22437
45177UAug,19897
45579UEpo,19939
453084UVer,-
45486UNov,19861
452092UTic,30699
453094ULPo,-
455092UMed,3308
457097UBer,30795
457120REne,12025
458125UOpi,12295
458128UIul,12269
456138UTer,12317
442277WIst,11824
460143UNau,12232
460145UEmo,12229
449138UPol,12233
451100UCre,5348
455102UBri,12252
458119UAce,12244
454119UPat,3507
455115UVic,12251
452108UMan,12275
454110UVer,3314
437074ATrA,22421
412205REnc,61126
438159USca,28797
447144UAps,36165
441152UIad,28796
415162UTra,29369
435165USal,7043
431176UNar,16527
426182UEpi,29349
425187URiz,29617
419192UOlc,41587
420195USko,15830
418196ULis,15788
408225RMak,1279
407208RDas,61120
411203LCan,61124
406195WAou,61119
467144UVir,19906
468134UTeu,28432
472166USav,19885
477166USca,28829
450190RPan,3174
470150RNor,11329
450196USir,19940
448204FTau,29303
440205RMys,29481
412253LRho,-
428247LHae,43378
424163IDio,37845
000000IEle,61107
432166UPha,3585
430167UKor,37934
428178IMel,29417
405193ISas,42503
386215RAit,52
386227RPho,1788
384222ROzo,38175
372218RMes,1364
380233PMeg,1331
379239RAtt,373
386231ROpu,37856
387224RDor,12890
393223RPht,33371
394223RThs,2393
403197RCha,61116
400208LPin,-
395208LTom,-
401197UChi,61114
398201UMai,61112
397201UKes,61110
398203WThy,-
394204RThp,15796
397200PBou,12133
392205WAch,-
393208WAch,-
393208WAph,-
397210WAra,15650
389208PAna,37624
393207PPan,-
389209PHer,-
388208PEch,37632
390208SAkt,37621
390207PNic,1468
386205SApo,-
387210PAly,37622
387213PStr,37649
389212PArg,37623
383213IArt,-
400212RTym,-
396222PAtr,12053
384215UKal,988
384216WEve,41969
384217UMak,-
384218PMol,-
384216LCha,-
384217LTap,-
383218LRhi,61200
384218UNau,3523
385214UPyl,-
384214PPle,-
384215PHal,-
393213LHie,-
385215LAra,-
383222UOia,38185
384223UPha,55356
384225PKir,38124
384224PCha,38176
385226LPar,13807
385225WCas,-
386225PLil,3642
384225UKri,38126
384226PAnt,38118
385224PAmp,162
387226UTit,37828
384223PTri,53122
384227PAmb,38117
387225UDry,38120
385227PDau,38119
382230PSip,33340
383230PThi,33339
382229PCho,33341
384228LHel,11995
381232PPag,13927
378237WSar,14167
379229HLec,37836
379230HKen,15748
379230ACoC,-
379229PKor,1163
379229SAkr,-
368228UOlo,-
380225PPel,58953
382221PHel,37596
381224PAig,37594
383221PAig,78
383220UEri,61406
378228PKle,33220
375226UHys,3574
383218HPan,-
381217PPha,15756
382216POle,37600
381216PDym,3557
368228UBup,-
379211UHyr,37881
382214LAra,-
379211PKyl,41350
379211LChe,-
377213UPhe,-
378226UAra,61197
376216SOZe,1495
376217PPis,13127
378213LIch,-
373218PAul,-
374217PLep,37687
371216LPla,-
372217PKyp,37685
370217UPyl,37874
368217UMot,38107
368226UHel,54413
368218LAkr,-
367222PAsi,345
370219PKor,38105
373218WPam,42527
372219PMes,2801
372219LIth,-
368228UOic,52221
375216USam,38172
375218UPte,-
380232UThr,-
373219UDor,-
370224UAmy,37967
370223UPha,61452
368223ULeu,-
371225UThe,-
369222PKar,38103
371224DPit,60659
370220UAnt,-
374227PThy,-
369222UGer,37976
371224WEur,42526
364225UPsa,54417
368226PGyt,727
364232LMal,61196
374235LSky,60760
374229WArg,-
365231PBoi,37971
367230UEpi,37974
368231UZar,51896
370230PKyp,-
378228WIna,37660
376227PArg,301
375227ULer,36945
377228PMyk,37666
376228PTir,37671
376224UMan,15750
376225LArt,-
379227LApe,-
374232UHer,10315
375234PTro,2482
370217LKor,61225
376231SAsk,650
378232LSpi,-
378232HAnt,-
378231UBou,-
379230SPoT,15746
379219PPso,37704
375224PTeg,3683
377223POrc,2738
379223PPhe,37702
375223PPal,37699
351249UGor,719
373223WKar,-
375222RPar,58952
377219PThe,37707
376219UMel,41976
376219PHer,37682
372223PPel,37998
376218PEpe,-
380221UKyn,15749
373228LPar,-
378225PAle,37674
376222PMet,58950
368228UEni,-
376217UMak,38170
378218LLam,-
379221PKle,13605
378227SNem,3609
378218LPho,-
375220LLyk,3643
375220SLyk,-
377223LMai,-
378218WLad,-
378218WEry,-
381232PAig,15629
379230USch,-
379231USid,-
380231UKro,54411
380232LSki,60798
380231LGer,60796
380230FOin,60703
381239DPro,60699
380237FLW1,364
381238DKep,1036
380237BKal,364
381239LPen,58204
379238LHym,15653
380237LLyk,364
380237WIli,60730
376240LSou,37804
377241DTho,37810
378240DPoD,60723
379240DSte,56503
379240SBra,37734
382240DRha,15946
381240DMar,37768
380237DMel,56500
383238POro,2745
385235PAnt,15743
384232UOnc,33361
383232PThe,2746
384229PLeb,10278
383233PThe,2354
383231SMus,2746
382233LCit,-
383233WIsm,-
383233WDir,-
383230WHip,-
382233WGar,-
384235PMyk,33360
385229LAko,-
382234FEle,58197
384231PHal,33349
382233PPla,1851
384236PPha,58924
385230UAsp,-
385233UHyl,33354
382234PEry,33337
384234UGli,33348
385232PKop,15762
386233PLar,54113
385233UAnc,-
384232UMed,-
385227PPhl,-
385232PAkr,15775
384230PKor,33356
385228PCha,33344
384230UOka,-
384235UHel,61244
383234PSko,33366
384234USch,52456
384234UPet,-
385236UHyr,-
383235UEil,33346
381236DPte,60688
383236PTan,2247
385236WEur,43651
384236UAul,33343
386230POpo,37864
387231PKyn,37859
387229UDap,37858
386228PEla,15782
388228LKne,-
386229PHya,38122
388227PThr,37865
388227WBoa,-
387227PNar,15753
388229PAlo,33375
388227PSka,41349
389226WMal,-
389226UPha,41348
389220FSpe,-
387224PEri,37850
387224PBoi,37848
387224PAky,37847
387225PKyt,37849
388223LOit,-
392210RDry,-
389227PEch,33403
389225WSpe,44999
388225FThe,3614
388224PHer,11876
388226FKal,-
391228PHal,33382
389224PLam,1220
385229UArn,-
385230POrc,2744
396220PPel,33468
394227WHyp,60650
394228PPhe,33585
402225RPie,30566
396224PLar,1224
394217PGom,33454
393228PThe,3581
390230UPte,33372
393230WPag,-
393229PPag,30763
393229UDem,2825
393224UPha,15757
395223UKra,33491
405220LBor,-
401224LOly,11327
398227LOss,33549
390227LOth,-
393223WApi,-
393223WEni,-
393218WOno,-
394217WPam,-
395228WBoi,-
399227LTem,12119
400225PLei,33989
394230UIol,33510
394230UOrm,38158
393231UMet,33518
391232UOli,33516
391232LSep,-
396229UKas,33513
392232USpa,33501
393233LAia,-
397228UMel,-
398228URhi,58925
398228PEur,33505
399227UHom,12117
397222UOrt,33439
390220UIre,-
397224UPha,15971
391223PTha,12125
398226UGyr,12055
398228LDot,-
390225UMel,3577
393228PPhy,33379
383233PPot,52457
406223REma,12115
415220RPai,1552
413216UPel,33779
405223PAig,30329
405222PBer,12096
398214UAig,33453
400226PHer,33981
404226PPyd,42369
406226PAlo,33769
403218WHal,-
408225PPel,1657
416220USto,12156
404231UAnt,33901
409226PEur,60652
411225WAxi,11991
407221USky,12108
405217REor,33840
406221PMie,33790
412225UGor,-
408226PIch,33714
410220RAlm,33768
410245LOrb,-
405197PByl,12134
404242PDio,-
414233UHer,12145
407228PCha,33646
403237PPil,-
407230PLet,33647
406229PThs,2394
406229PThr,33653
404228WThe,41948
405229PDik,12099
399236PSki,58915
398238LKan,-
400236LPal,-
400234PMen,1349
404233PAnt,12047
403242POlo,58913
403234PMek,33909
400239PTor,12126
402237PSin,33893
402243LAth,3358
402243PAkr,33898
404239USan,33915
403242PThy,-
402242UKle,-
407241PApo,40828
404238PAss,12051
404239PAka,33897
406238PSta,33930
402238LSit,-
407227UHer,-
407232RMyg,11996
406235UApo,12049
406236PAre,33643
408238PAmp,161
408238WStr,11828
420435RIbe,33634
407465RAlb,36402
370332LTau,14005
433424LCau,11886
418238WNes,13616
409241LPan,15924
407260WHeb,42535
421247PPhi,15863
408243POis,33970
409244PNea,12081
410247UDat,61222
410243PPhi,3359
394226PSko,33399
411248UTop,15793
403234POly,1498
410250PAbd,14
410252PDik,58910
409255PMar,1313
409257UOrt,58916
408258LSer,-
409256PZon,38416
409262UDor,15981
407261PAin,81
406268FMac,60993
406269WMel,60996
406265WMel,60992
409264PKyp,40847
410275UBis,15989
403265LChe,16014
445288PHis,1068
442287PTom,11900
438286PKal,977
434284UBiz,29815
434282UDio,29820
432276UMar,29830
432279POde,1485
427277UMes,1361
425276UAnc,15861
424277PApo,16268
419280UThy,61021
416281USal,61003
424273UDeu,15881
413289UPhi,61027
410290UByz,478
410286UAth,38329
411282USel,2114
410280UPer,1694
416278UBiz,38333
409271UApr,15987
408273USer,15986
405268ULys,3582
405268UPak,60206
405268UKar,1009
406271UTir,60244
404267UKri,58912
404266UKre,60990
404271UPar,1611
404267UKal,16013
402264USes,15966
403267UPit,1222
401262LMas,60987
401264LKyn,60988
401262UEla,58911
375252PTen,3639
379245IMyr,-
380245HGer,34086
380244PKar,1013
374253PMyk,4404
398199UKas,45047
392202IPax,42520
398198IPty,-
397197LPha,61218
394202ISyb,-
388208ITap,-
387208ITap,11897
384216UHyp,-
382206IKep,1034
378209PZak,2511
383207IIth,12118
383213IDol,-
383207PSam,12124
378207LEla,-
381204IAst,-
371216IPro,38111
373210IStr,-
369217ISph,-
368217IOin,-
365224LThy,-
363230PKyt,3356
373233IPit,60759
373233IApe,61205
372232IAri,60743
375235IKal,971
355265IPla,-
375239IBel,60745
378233IKek,60750
377233IPit,60747
378234PAig,77
379231IAsp,-
366225SAig,37965
355236PPha,1730
353263LSam,-
352236LKri,-
352261USet,33312
358243LKis,-
355238UPer,-
355240PKyd,3520
351258PMin,-
355241PApt,276
354246UPan,11997
354243UAmp,-
354245URhi,2053
354250HPan,33266
352244PApo,-
353251PHer,16069
353256PMil,33288
350262UAmp,33325
350257PHie,849
349249PLeb,11889
351248PPha,1726
353252PKno,1122
355237UPol,1890
352251ULyk,-
352250PRha,2046
352254PLyk,1272
350249UPyl,33293
350252URhy,33294
349248ULas,33285
353247PEle,626
353250PTyl,33296
353258LKad,-
358238LKor,-
329216HPhy,60810
356271IKar,33226
356236IKor,-
354235IMyl,-
355242IBou,59326
354252IDia,-
353263LIta,-
349261ULeu,-
349257IChr,-
349241IKau,3605
379235PSal,37803
379236IPsy,60753
377241IHel,60749
376243PIou,3604
376243PKar,3597
377243PKor,3596
376243PPoi,34104
383248LKap,-
388229SKen,61208
383238UNes,-
388235UKer,34089
389231UOre,856
388229PDio,58922
389230PAid,34082
381245LOch,-
386241UOic,52221
385236PCha,494
384238PEre,659
390232SArt,-
385236WAre,-
383238WLel,-
370247PSip,2143
372245PSer,33240
370250IPre,34122
374244PKyt,1204
374253SSan,-
374253LKyn,-
374252PRhe,2051
389246PSky,33249
370250IOli,33239
371252PPar,1613
371255INax,1427
369256IPha,33242
371257INik,-
368258ISch,-
366249PPho,15758
378263IIka,34101
367253PIos,906
368253FPsa,-
376247IGya,33241
363267ISyr,-
365273PTel,3637
373258IDon,-
373265IPat,11321
376265IKor,34105
370265ILeb,-
372269PLer,33229
368263IKin,33244
367251PSik,33238
368238IHie,60758
354269PKas,33228
368246IKim,1105
368259IAmo,3592
368246IPol,-
369262ILei,-
362252IAsc,-
363258IHip,-
359268IKam,-
373268ITra,-
373273IPha,-
362276ICha,-
370270IKal,990
363277IEul,33234
380243IPet,-
370240WMyr,-
393233IEut,-
392231ICic,-
391241ISca,-
393238IEud,-
391237PPep,6486
392235PSki,33247
402259PImb,33246
400253PHep,34111
399251PMyr,1405
408247PTha,2346
405255PSam,2082
401264UDar,40850
395250IHal,-
395264ULam,58933
403262IAlo,58755
370275IArk,60884
384263LMes,61470
404273UPri,16152
454367WBos,452
470320WBor,61193
446335UChe,12807
454365PPan,30272
520255LRhi,61137
475077UARa,19864
448288IPeu,61174
450292UHal,30025
484084RHer,61190
481169UCar,16521
490315RSar,16534
462304UTyr,12806
467319UOlb,451
453302ILeu,38284
415317RADr,54089
293710WAke,-
469320WHyp,42544
453343RChe,12807
461337UTap,41656
446334LKri,61136
450354PThe,38319
452364UNym,38298
454365UMyr,-
412291IKya,42371
469105RRae,3319
535100WAlb,43991
535055WVis,61171
532074WAmi,61191
517060WMos,42339
507016UGes,18965
533-75RHib,3252
590000IOrc,19730
533000IMon,19601
507000IVec,19734
494005WSeq,42949
449-05WGar,42344
464062UJEq,19874
509070UCol,3258
471-15WLig,42347
458048ULug,3272
459000IUli,61152
434-32UFla,-
436-57UNoe,-
426000ICor,61453
419-89WMin,-
416000UBra,19954
426-80RGal,25600
417-88WLim,-
411-86WDur,50482
418000UNum,26994
406000UTal,40898
402000UAem,25782
401000UCon,25783
397000UCol,25874
394000UEbu,25876
387000UOli,25886
384000USal,25726
380000UMi2,25942
370000UOss,25813
371000UBa3,25829
376000UIul,22159
392-86USca,25936
389000UAug,19894
390000UMet,26421
380000UPax,25737
395000UNor,26470
400000UCau,19875
386000UEbo,25797
365000ICot,61141
300070RLib,1252
358000UTin,15623
352001ULix,15617
346-61UBan,15592
341-56UVol,15593
360030RNum,6054
369069URus,17419
364066UCir,11833
362087USic,17127
366088UBuR,3871
369077UHip,3344
373099UHiD,17560
370100WBag,-
371101UCCo,-
368111UAsp,17308
364107UNea,17343
358105RByz,3894
357109ULep,11837
358106UHad,8315
358108URus,17341
356110UTha,17352
328125UAbr,16995
340105WSyr,41755
325144UKin,60812
326143ULep,11836
302190SAPh,40345
351110UAch,11830
361093UZam,17219
321201UEue,831
325206UTau,3640
327210UPto,2018
329220PApo,252
325209UBar,402
315251UKat,4806
314272UPar,3668
329132UOea,11840
311298WMar,3431
313270UApi,245
313300UCan,1001
338109IMen,14147
347112IKer,50347
371108IAeg,60811
262327UThe,2982
261326UTen,2312
268315UAnt,188
310325UPel,1662
294305WMoe,1384
240328UCat,4808
240328UPhi,1767
241329UEle,621
249328UApo,269
250327UEil,611
257326PThe,576
259328UCop,1159
253324UPat,1628
260323UDio,577
262319UAby,34
264318UPto,2023
265317UPan,1589
268314UAph,237
272312ULyk,1271
277308UHer,816
280308UAla,2684
284307UKyn,1196
290309UHer,801
293308UKro,327
300311GPyr,716
293309SLab,1212
301313UHel,761
310315UMen,1351
309318UTan,2252
312307UBou,3685
307316UPhb,1751
306313ULeo,1238
304311UAth,369
310312UIsi,10784
309312UBou,469
309307USai,2072
309306UNau,1424
312331LCas,1014
315344UGaz,697
300326UArs,2794
320350RPal,1568
335360RCSy,2211
360440RAdi,17666
370340RCil,526
361359USel,2110
370379UZeu,4311
312347RIdu,894
311334UOst,1518
312332WSer,2125
311338URin,2052
313343URap,2044
316345UAnt,11116
322351USeb,37457
317345UAsh,347
318347UAzo,37278
318347UIam,4143
320348UJop,905
322348UApo,12032
325349UCae,958
322352UNea,12640
328353RGal,692
318355WJor,13839
318354UHie,660
318349UNik,16887
319348ULyd,12438
318352PJer,853
316352FHer,37392
332356UPan,3531
329356UBSa,61172
328355UTar,42792
327355UTib,16863
315356UMac,37427
313354FMas,3148
335363UDam,533
319359UPhi,2042
325355UScy,3738
000000LNys,43419
326356UGad,11863
325358UKap,14146
324356UPel,1658
329364RTra,33219
326358UAbi,37478
326349UDor,587
328350USyk,7302
329351UPto,2020
333352PTyr,2491
335353USar,4303
336354PSid,2134
339358LLib,11620
335359LALi,37511
339355UBer,431
341356PByb,3820
342357UBot,3858
340356UTri,61173
344358UTri,2473
345360UOrt,1516
346360WEle,-
348359UMar,37552
352359UBal,3751
353359UPal,12875
353359UGab,4580
355358PLao,1223
359358UPos,37558
362362PAnt,205
360360LKas,3704
340362UHel,11903
364359URho,37562
365362LSyG,61064
371366LAma,44853
354364PApa,3217
365379UHie,395
360370UCha,11323
367370UKyr,11861
364362UPag,40574
331445USel,37190
384384RMel,16473
408365WLyk,61024
371388UEde,11275
369390UCar,3140
360390UNik,37320
368380UEur,16740
364382UJKh,42033
346383UPal,3353
303254UPet,3184
362372PBer,13097
347367UEme,4187
359388USou,16632
373348LCil,59307
366362UAle,8866
358368PAeg,75
370356WPyr,47906
368355PMal,1300
365353UMag,34245
369349UTar,2269
366354UZep,60873
368346UAnc,58777
369349WKyd,60872
361333UKel,3516
367345PSol,2162
370353UAda,16484
372295UCib,1097
363323PSel,16489
361330UArs,321
363322UIot,34259
365342PCor,12837
363340WCal,15641
363339HHol,58992
360328PAne,8516
365320UKor,1161
368314WMel,61065
372359UAna,11859
372362UKas,16492
370361UEpi,12632
365342UEla,16205
379325PIko,2919
364339PSel,16507
370320RPam,1578
372324UIsa,16413
383312UAnt,204
377305USag,3693
375324RLyk,12023
384314UPhi,7897
401330RGal,691
365300UAry,16423
368314PSid,2133
369312PAsp,352
370309PPer,1689
369312WEur,13613
369308WKat,-
395271ULyr,60965
431061UOlb,21102
389720LIma,-
353522LCas,61133
362299USim,34393
363305UOly,60879
363304UGag,12876
364303UKor,34374
364303URho,2055
363302PLim,1258
362299UAnd,59660
363300UMyr,1404
362298UApe,16176
362296UAnt,16434
364297PPhe,34389
364293PXan,2504
364292USid,16439
364292LKra,53077
365292UPin,1835
366291UTel,2299
363297UKan,53082
367300UPod,58981
366298UCho,16442
362298UKya,16432
367288ULis,2798
366294UTlo,2440
367289UTel,60877
368296UOin,16260
370296UBal,3588
370294UBou,34348
400310RPhr,32
375275RIon,10710
390271RAio,82
368290UDai,34351
367289UKry,60921
367288UKal,991
368286UKau,1022
369284UPyr,60882
366281UKas,57182
366280ULor,34217
366281UThy,34234
367281UTym,34237
373277UHyd,34204
367275UTri,60881
367276USta,57169
378291PLao,5418
385306USyn,16136
381302PApa,3432
395261UHam,34748
369283UEut,34185
370276UThe,2350
371273UOur,34220
371274UPed,46821
370273UTel,16259
370280UKer,3703
373276UIas,871
370273UPal,61462
377284UNea,16211
371274PKar,3409
370273UTer,58968
372276UBar,401
373278PMyl,1400
379285UAnt,202
383298UEum,16151
378282UOrt,3579
379281UNys,1482
379278UTra,7698
374277SEur,682
376290UHer,16270
376277UAmy,34187
376280PAla,96
373281UStr,2201
375275RMys,1407
388283RMai,52809
385280PSar,2090
383281LTmo,13060
385281WPac,60947
374272SPos,3679
374273SDid,3679
375276LLat,34216
375275PHer,3615
376274PMyo,1403
377273PPri,1915
379273UPhy,34312
378273PMar,60926
379275UMag,1289
389278UThy,3526
378273UOrt,61468
384271PSmy,2154
385264PPte,60936
380274WKau,34436
380272WAle,60945
380272PNot,33599
386265LMim,61471
384265PEry,16207
384268PKla,34304
384264IHip,60934
385272WMel,-
385281WHer,42613
398305UDor,16146
387272PTem,2304
387268UPho,1792
388269UCym,16129
388270PMyr,16536
388273PAig,74
387270UNeo,1440
396222LTit,-
389271UGry,33622
389271UEla,620
389270WKai,14174
389269PPit,33623
390268UKan,55738
390268ULys,60959
391269PAta,58870
392268PKar,60962
394268PKis,16215
397269UKil,34541
396270PThe,52460
396269UAst,60966
395261UChr,56281
398268UPal,60978
392277UGer,60951
392270UPer,34555
394268UKor,41973
398267USke,3680
397268LIda,42608
395269Uadr,48
395265UGar,3514
396268UAnt,34746
395261UPol,56272
395261LLek,60975
387270ULar,33624
395261USmi,34752
397262UKol,52225
401285WRhy,15645
397266UKeb,16161
398262UAnt,101
400262WSim,11827
403273WGra,34545
398264USka,56273
400263URho,58937
402265UAri,60983
399262UAch,58771
390271PTeu,58939
396276UPio,58936
411000UCal,40900
391271UTia,61456
390271PHal,60961
399263SThy,51476
389277UApo,33600
391272PPer,1688
380360RKat,61461
351323LAka,59587
348324PPap,1600
347329PKou,1174
349336PKit,1109
353333PKer,3665
352339PSal,2075
347331PAma,134
353332PLap,2797
351328PSol,2163
350332PTam,3613
352335UChy,525
350324PMar,328
356344PKar,1011
351335UGol,37215
350334PIda,2748
358348IKle,60828
349323SGer,37214
361296UMeg,34119
362295IRho,-
367289ITel,60876
361281PLin,3622
363279PKam,2811
364282PIal,13150
366272PNis,3410
366278PSym,33233
368278IDia,42552
368278IHym,-
365279ITeu,33237
363277INar,-
363277IDim,-
373268IArg,-
373268ILep,34113
368268LPri,-
373276UPas,16154
375272ILad,60887
377270LTro,60924
377271LMyc,42605
383262LArg,60931
377269WImb,54187
378268WChe,-
386260LPel,-
385262IOin,-
390268IArg,60957
380269IMyo,60927
393267PPor,33230
387265ISid,60939
391262PPyr,34117
392262PAri,-
394262PMet,1365
391265UHie,41575
391259PEre,658
393263LLep,-
393258LOrd,-
393263ISan,-
403266UPer,16102
404272Uadr,61011
403278WAis,56034
402276UZel,34563
404278IArt,61424
404279UCyz,1208
405279IArc,61016
405277LDin,56071
404283UPla,56117
404284USky,58918
401292LOly,45051
401283UMil,16241
404289PBry,3218
404292UPru,1106
370306RPis,1837
368410RMyg,61175
392289UAnk,8290
378293UKol,16149
394300UKot,16139
397320UGor,11821
399345UTav,11860
393316SPes,12386
401277UBar,60651
411306WSan,42591
402291UPru,1925
404297PNic,11774
404295WAsk,42609
409311UPro,3589
404294UPyt,61012
407299UAst,58869
408295ULib,12873
408299PNik,6006
410290PCha,972
407316UBit,16286
410290UChr,41365
411291HAmy,61018
405275IEla,61015
406276IPro,16126
405275IOph,56106
409291ICha,57147
413314PHer,12462
412303IThy,61022
409290IRho,61017
409291IMeg,57994
422417WPha,38196
412292WRhe,61480
412302UKal,55843
412314WLyk,42078
416230UTio,2430
418327UKro,3519
417324UAma,8444
419329UKyt,16305
417323WPar,61479
420350UArm,61025
420351PSin,2141
416359WHal,61020
413363PAmi,3602
408365UEup,61028
415342UPom,6830
384340UGar,16449
383363UCom,16454
406370UKab,16389
407358PAma,2624
412367WIri,48145
400361UHer,11400
378346PTya,11898
403359UZel,16304
383354LArg,-
412370UThe,60100
412369WThe,61019
408363RPha,61029
404366UCom,16285
409384UKer,33631
410375UPol,41389
409384UPha,33631
410397PTra,12808
416416UAps,16526
416416WAka,61169
419418WIsi,50369
430410UDio,16538
432403UPit,38198
408239PEio,12065
452367UHer,38265
453370UKep,38269
453370PPha,38305
391454WAra,42227
394492WKyr,42201
401381UNic,16468
381410UTig,41530
399446UArt,12809
387393RSop,48151
366435UGau,10743
371412UNis,3330
363432UNin,10846
348485UEcb,10715
375433RGor,48210
372673WOxu,42266
312721WHyd,-
073805ITap,42326
300570RKar,-
315650RAra,10714
302532UPas,37501
405500RSus,635
331474WEul,-
309476UCha,42178
140483UKan,37123
102762UPat,9229
347407UDur,604
380582UNis,37496
299529PPer,3629
360435WLyk,47919
331446UKte,42160
378218WPar,-
262505ITyl,37164
305320UHer,829
268380UHeg,16842
353366ULar,11864
267339UPhi,1777
262342UMyo,3156
217730UBar,11993
231327UPse,1949
227320UPre,1916
223316UFor,4755
185318SNap,3453
229326UHie,846
000000IAtl,-
345615RAre,-
368362UIss,37270
408221PEde,8338
402287UApo,34534
418228RMai,-
477-28UVen,23836
413162UCan,33006
419125BTMa,2058
379236BArs,3182
419125SVeG,2058
419125SVes,2058
419125BCJu,2058
419125LTrp,43377
389207LAkt,37621
443119UFav,10942
448097UVel,31971
419125SFAu,2058
421138UCor,14424
380237SAkr,57044
380237LAre,364
419125BRoA,2058
419125BTul,51247
419125BCiM,42815
370546RHyr,10711
417128UVel,14429
417127ULan,32315
410290WKer,61063
419125SPan,44954
419125SCmt,2058
405233RCha,11322
420125UFid,14588
419125SHrc,2058
419125SFBo,42901
419125SCas,2058
451104UBed,12254
376149UHyb,22180
427127USpo,32248
515003WTha,19669
445035UXMi,23172
447033UGab,23065
439121USar,32241
498066UCol,13685
386228PPar,52458
418129UPra,14344
320355UArc,42059
320354UPha,61162
419125SApo,2058
438113UFlo,32051
435119UArr,11804
424133UAmi,32771
430119UClu,14359
420128UTib,3187
382223PAig,76
414134UFun,23508
417130USig,23506
403159UGru,14502
396-06UEde,27479
309312USeb,2104
379230SIst,15746
413148RSam,14346
419125FPCo,43887
419125SSat,2058
419125FPFl,2058
419125LAve,42809
431128UNuc,32218
404229PAin,33641
419125BAmF,51484
419125BSJu,44921
419125AOVa,2058
419125LVim,42810
379128PAig,22277
419125FPTg,44891
428131UNur,32280
417128LAlg,30632
361281SAtL,-
385225SApo,543
493040UDur,3275
396212RAth,361
369273SAsk,2796
376147PCen,22291
298353RNab,1413
434126UIgu,11852
353263LDik,-
379224LKyl,11999
388223SPyr,33398
389232LTel,-
422127UCur,14403
404173USat,59545
309295UTap,2260
388211PMed,37638
419125FPAp,2058
419125SAsc,2058
395217RHes,33451
380221PLou,37599
501082UAqu,27891
406221SNym,33791
368281LChe,52207
419125AqMa,43548
419125AqVi,32445
351253PArk,16076
396261PLar,5256
371143PGel,702
409228UKli,38044
368151PHel,22298
419125BPom,2058
419125BDAu,2058
419125BCFl,43931
419125SApP,2058
417132UAna,14431
419125STel,2058
419125BPOc,2058
419125SCMa,43881
419125SDAT,2058
419125SMUl,2058
380237SAth,57044
419125SFor,2058
419125BTAg,2058
384229STro,58685
419125STFe,-
419125SCon,2058
380237SAHy,-
419125SPax,2058
475045XAle,23544
448000UBur,22864
419125SBel,2058
419125BBAm,49882
419125SJul,2058
381241LMaB,37768
380237BSPo,364
378226PPhl,1783
419125SCer,2058
380237BPro,364
380235SEle,10345
380237XKer,37758
419125SFJu,2058
429126UMev,14400
382240SNem,15946
419125SNpt,2058
370274BMau,732
419125BACo,2058
419125BDFl,2058
380237SOly,37782
419125LCae,42812
419125BTBa,2058
419125AOFl,2058
419125AOMn,2058
419125ASoA,2058
351249CLab,-
376216BOES,-
419125BPSu,46796
419125BClM,2058
419125AqAp,43550
419125AqAV,43551
419125AqTe,43547
419125AqAN,43554
386231PHye,33351
374249PSyr,15760
416129UCor,32449
379214SEAt,-
398232RPer,1700
327350LKar,-
420000UInt,26907
382223WKra,-
388224RTra,1297
